PMC3044699	Background
PMC3161075	Background
PMC3325407	Background
PMC3509713	Background
PMC3919015	Background
PMC4016241	Background
PMC4228564	Background
PMC4240164	Background
PMC4682451	Background
PMC4682451	Background
PMC4854269	Background
PMC5156332	Background
PMC5192062	Background
PMC5192062	Background
PMC5192062	Background
PMC5471064	Background
PMC5501546	Background
PMC5571410	Background
PMC6282055	Background
PMC6303916	Background
PMC2154357	Use
PMC2585009	Use
PMC2677866	Use
PMC3145266	Use
PMC3228236	Use
PMC3235092	Use
PMC3419429	Use
PMC3730352	Use
PMC3884852	Use
PMC4178425	Use
PMC4190355	Use
PMC4480729	Use
PMC4854269	Use
PMC4920148	Use
PMC4941682	Use
PMC5156332	Use
PMC5231271	Use
PMC5346417	Use
PMC5471064	Use
PMC5501546	Use
PMC5536051	Use
PMC5591096	Use
PMC5591096	Use
PMC5592930	Use
PMC6092710	Use
PMC6406689	Use
PMC2528966	Creation
PMC2637985	Creation
PMC2988090	Creation
PMC3073932	Creation
PMC3073932	Creation
PMC3125170	Creation
PMC3338528	Creation
PMC3338614	Creation
PMC3569360	Creation
PMC3648516	Creation
PMC3743022	Creation
PMC3943257	Creation
PMC3965909	Creation
PMC3999496	Creation
PMC4073492	Creation
PMC4076316	Creation
PMC4231064	Creation
PMC4244138	Creation
PMC4325186	Creation
PMC4379756	Creation
PMC4392464	Creation
PMC4392464	Creation
PMC4544847	Creation
PMC4645203	Creation
PMC4654818	Creation
PMC4674931	Creation
PMC4724163	Creation
PMC4742844	Creation
PMC4799242	Creation
PMC4835728	Creation
PMC5077084	Creation
PMC5278366	Creation
PMC5560676	Creation
PMC5592930	Creation
PMC5660696	Creation
PMC5766183	Creation
PMC5797170	Creation
PMC5811607	Creation
PMC5813109	Creation
PMC5845707	Creation
PMC5923093	Creation
PMC5956005	Creation
PMC5966898	Creation
PMC6039704	Creation
PMC6121541	Creation
PMC6208079	Creation
PMC6217397	Creation
PMC6273073	Creation
PMC6273887	Creation
PMC2762245	Use
PMC3125170	Use
PMC3361161	Use
PMC3497266	Use
PMC3730352	Use
PMC4190437	Use
PMC4527363	Use
PMC4724163	Use
PMC4776736	Use
PMC5333524	Use
PMC5451169	Use
PMC5490736	Use
PMC5663151	Use
PMC5827656	Use
PMC5856400	Use
PMC5966898	Use
PMC6121541	Use
PMC6350061	Use
PMC6441561	Use
PMC2830475	Background
PMC3325407	Background
PMC3325407	Background
PMC3843656	Background
PMC4337061	Background
PMC5501546	Background
PMC5638308	Background
PMC3886941	Creation
PMC4659210	Creation
PMC4779890	Creation
PMC4896466	Creation
PMC6106943	Creation
PMC6171930	Creation
PMC6208079	Creation
PMC6355990	Creation
PMC6441561	Creation
PMC2132710	Use
PMC2132710	Use
PMC2132710	Use
PMC2216687	Use
PMC2432036	Use
PMC2602789	Use
PMC2677866	Use
PMC2755648	Use
PMC2755648	Use
PMC2824756	Use
PMC2830475	Use
PMC2830475	Use
PMC2830475	Use
PMC2830475	Use
PMC2928273	Use
PMC2928273	Use
PMC2928273	Use
PMC2928273	Use
PMC2929266	Use
PMC2940758	Use
PMC3027480	Use
PMC3073932	Use
PMC3125170	Use
PMC3145266	Use
PMC3206007	Use
PMC3235092	Use
PMC3254606	Use
PMC3254606	Use
PMC3254606	Use
PMC3254606	Use
PMC3280251	Use
PMC3310866	Use
PMC3310866	Use
PMC3310866	Use
PMC3325407	Use
PMC3325407	Use
PMC3325407	Use
PMC3325407	Use
PMC3325407	Use
PMC3325407	Use
PMC3325407	Use
PMC3325407	Use
PMC3325407	Use
PMC3325407	Use
PMC3325407	Use
PMC3325407	Use
PMC3343019	Use
PMC3368932	Use
PMC3374772	Use
PMC3374772	Use
PMC3374772	Use
PMC3382138	Use
PMC3400600	Use
PMC3447400	Use
PMC3466181	Use
PMC3485249	Use
PMC3494444	Use
PMC3497266	Use
PMC3499474	Use
PMC3519631	Use
PMC3598806	Use
PMC3643936	Use
PMC3694976	Use
PMC3697978	Use
PMC3703906	Use
PMC3720590	Use
PMC3730352	Use
PMC3743022	Use
PMC3757061	Use
PMC3791179	Use
PMC3791179	Use
PMC3794727	Use
PMC3797761	Use
PMC3814294	Use
PMC3835687	Use
PMC3858281	Use
PMC3864932	Use
PMC3884852	Use
PMC3892923	Use
PMC3892923	Use
PMC3902798	Use
PMC3911802	Use
PMC3943257	Use
PMC3943257	Use
PMC3943257	Use
PMC4030988	Use
PMC4030988	Use
PMC4030988	Use
PMC4030988	Use
PMC4034731	Use
PMC4107892	Use
PMC4107892	Use
PMC4142932	Use
PMC4188009	Use
PMC4188009	Use
PMC4226036	Use
PMC4226036	Use
PMC4226036	Use
PMC4253824	Use
PMC4263733	Use
PMC4293902	Use
PMC4302594	Use
PMC4309091	Use
PMC4338595	Use
PMC4338595	Use
PMC4338595	Use
PMC4338595	Use
PMC4338595	Use
PMC4338595	Use
PMC4338595	Use
PMC4344771	Use
PMC4359779	Use
PMC4417161	Use
PMC4437040	Use
PMC4443670	Use
PMC4490480	Use
PMC4551926	Use
PMC4551926	Use
PMC4555083	Use
PMC4560418	Use
PMC4564166	Use
PMC4591669	Use
PMC4591669	Use
PMC4605685	Use
PMC4624855	Use
PMC4624855	Use
PMC4641828	Use
PMC4654818	Use
PMC4654818	Use
PMC4682451	Use
PMC4724163	Use
PMC4762546	Use
PMC4790474	Use
PMC4790474	Use
PMC4799242	Use
PMC4799242	Use
PMC4799242	Use
PMC4823981	Use
PMC4858275	Use
PMC4915002	Use
PMC4957768	Use
PMC4961454	Use
PMC4964384	Use
PMC4970815	Use
PMC5012869	Use
PMC5012869	Use
PMC5015235	Use
PMC5035930	Use
PMC5037089	Use
PMC5041910	Use
PMC5058631	Use
PMC5061317	Use
PMC5072729	Use
PMC5080858	Use
PMC5086358	Use
PMC5122352	Use
PMC5122352	Use
PMC5215406	Use
PMC5216611	Use
PMC5256176	Use
PMC5270344	Use
PMC5318381	Use
PMC5328244	Use
PMC5353578	Use
PMC5358358	Use
PMC5421914	Use
PMC5421914	Use
PMC5428514	Use
PMC5466989	Use
PMC5472924	Use
PMC5488172	Use
PMC5519329	Use
PMC5520553	Use
PMC5535145	Use
PMC5536051	Use
PMC5539595	Use
PMC5564536	Use
PMC5589870	Use
PMC5591096	Use
PMC5592930	Use
PMC5595876	Use
PMC5598801	Use
PMC5598801	Use
PMC5598801	Use
PMC5662722	Use
PMC5663151	Use
PMC5667448	Use
PMC5671994	Use
PMC5671994	Use
PMC5679599	Use
PMC5687643	Use
PMC5703901	Use
PMC5750462	Use
PMC5750462	Use
PMC5750462	Use
PMC5750462	Use
PMC5751318	Use
PMC5751318	Use
PMC5751318	Use
PMC5751318	Use
PMC5766183	Use
PMC5766183	Use
PMC5811607	Use
PMC5811607	Use
PMC5840367	Use
PMC5853437	Use
PMC5853437	Use
PMC5864207	Use
PMC5869493	Use
PMC5869493	Use
PMC5960700	Use
PMC5966898	Use
PMC6009762	Use
PMC6029241	Use
PMC6039554	Use
PMC6039554	Use
PMC6039554	Use
PMC6044013	Use
PMC6068308	Use
PMC6095929	Use
PMC6095929	Use
PMC6097609	Use
PMC6110825	Use
PMC6134180	Use
PMC6166924	Use
PMC6171375	Use
PMC6171375	Use
PMC6208079	Use
PMC6222480	Use
PMC6237974	Use
PMC6249285	Use
PMC6272417	Use
PMC6278402	Use
PMC6278402	Use
PMC6278402	Use
PMC6278402	Use
PMC6305680	Use
PMC6331602	Use
PMC6341276	Use
PMC6341276	Use
PMC6359293	Use
PMC6359293	Use
PMC6399298	Use
PMC6404619	Use
PMC6406689	Use
PMC6437178	Use
PMC6447580	Use
